{
  "wtMap": {
    "home": [
      {
        "uid": 29,
        "recordedM4list": [
          6.375071610809994,
          0.0,
          0.0,
          0.0,
          0.0,
          6.375071610809994,
          0.0,
          0.0,
          0.0,
          0.0,
          6.375071610809994,
          0.0,
          -4121.9362055815645,
          -4055.086283868441,
          0.0,
          1.0
        ],
        "recordedScale": 6.375071610809994,
        "recordedTranslatePCX": -3.4464349544996358,
        "recordedTranslatePCY": -4.154801520357009,
        "wwName": "home",
        "targetLocalPosLeftPc": 0.5975208733540638,
        "targetLocalPosTopPc": 0.67290570224158,
        "btnLocalTopPc": 0.6270491803278688,
        "btnLocalLeftPc": 0.5735785953177257,
        "calloutTopPc": 0.04559426229508197,
        "calloutLeftPc": 0.6103678929765887,
        "showBtn": false,
        "calloutWidth": 295.5,
        "calloutHeight": 96.5,
        "calloutDurationMs": 1500,
        "calloutColorValue": 4288423856,
        "calloutText": "Top Cat",
        "fontFamily": "OpenSansExtraBold",
        "fontSize": 28.42323651452282,
        "fontWeight": 3,
        "italic": false,
        "letterSpacing": 2.258064516129032,
        "letterHeight": 1.34,
        "textColorValue": 4279828479,
        "textAlignment": "c",
        "arrowType": 6,
        "animateArrow": false
      },
      {
        "uid": 32,
        "recordedM4list": [
          6.74210858870718,
          0.0,
          0.0,
          0.0,
          0.0,
          6.74210858870718,
          0.0,
          0.0,
          0.0,
          0.0,
          6.74210858870718,
          0.0,
          -4771.833422536599,
          -4272.867993459283,
          0.0,
          1.0
        ],
        "recordedScale": 6.74210858870718,
        "recordedTranslatePCX": -3.9898272763683935,
        "recordedTranslatePCY": -4.37793851788861,
        "wwName": "home",
        "targetLocalPosLeftPc": 0.643670413147537,
        "targetLocalPosTopPc": 0.6840110076105373,
        "btnLocalTopPc": 0.4426229508196721,
        "btnLocalLeftPc": 0.6045150501672241,
        "calloutTopPc": 0.08299180327868852,
        "calloutLeftPc": 0.4782608695652174,
        "showBtn": false,
        "calloutWidth": 387.0,
        "calloutHeight": 81.0,
        "calloutDurationMs": 1500,
        "calloutColorValue": 4294940672,
        "calloutText": "Fancy Fancy",
        "fontFamily": "OpenSansExtraBold",
        "fontSize": 48.96265560165975,
        "fontWeight": 3,
        "italic": false,
        "letterSpacing": 1.0,
        "letterHeight": 1.0,
        "textColorValue": 4279060385,
        "textAlignment": "c",
        "arrowType": 8,
        "animateArrow": false
      },
      {
        "uid": 37,
        "recordedM4list": [
          8.0,
          0.0,
          0.0,
          0.0,
          0.0,
          8.0,
          0.0,
          0.0,
          0.0,
          0.0,
          8.0,
          0.0,
          -5924.496709455102,
          -5252.485679065525,
          0.0,
          1.0
        ],
        "recordedScale": 8.0,
        "recordedTranslatePCX": -4.953592566434032,
        "recordedTranslatePCY": -5.381645162976972,
        "wwName": "home",
        "targetLocalPosLeftPc": 0.682487776494524,
        "targetLocalPosTopPc": 0.7044082872717969,
        "btnLocalTopPc": 0.4487704918032787,
        "btnLocalLeftPc": 0.6647157190635451,
        "calloutTopPc": 0.08657786885245902,
        "calloutLeftPc": 0.44732441471571904,
        "showBtn": false,
        "calloutWidth": 170.0,
        "calloutHeight": 69.5,
        "calloutDurationMs": 1500,
        "calloutColorValue": 4280391411,
        "calloutText": "Benny",
        "fontFamily": "OpenSansExtraBold",
        "fontSize": 38.125,
        "fontWeight": 3,
        "italic": false,
        "letterSpacing": 1.0,
        "letterHeight": 1.0,
        "textColorValue": 4294967295,
        "textAlignment": "c",
        "arrowType": 1,
        "animateArrow": false
      },
      {
        "uid": 28,
        "recordedM4list": [
          8.0,
          0.0,
          0.0,
          0.0,
          0.0,
          8.0,
          0.0,
          0.0,
          0.0,
          0.0,
          8.0,
          0.0,
          -6268.314907991301,
          -5159.791357896447,
          0.0,
          1.0
        ],
        "recordedScale": 8.0,
        "recordedTranslatePCX": -5.241065976581355,
        "recordedTranslatePCY": -5.2866714732545566,
        "wwName": "home",
        "targetLocalPosLeftPc": 0.7125179373308986,
        "targetLocalPosTopPc": 0.6931632073211331,
        "btnLocalTopPc": 0.4462090163934426,
        "btnLocalLeftPc": 0.7290969899665551,
        "calloutTopPc": 0.12346311475409838,
        "calloutLeftPc": 0.12583612040133785,
        "showBtn": false,
        "calloutWidth": 186.5,
        "calloutHeight": 64.0,
        "calloutDurationMs": 1500,
        "calloutColorValue": 4294940672,
        "calloutText": "Brain",
        "fontFamily": "OpenSansExtraBold",
        "fontSize": 40.208333333333336,
        "fontWeight": 3,
        "italic": false,
        "letterSpacing": 1.5261044176706828,
        "letterHeight": 0.9437751004016064,
        "textColorValue": 4278190080,
        "textAlignment": "c",
        "arrowType": 1,
        "animateArrow": false
      },
      {
        "uid": 42,
        "recordedM4list": [
          8.0,
          0.0,
          0.0,
          0.0,
          0.0,
          8.0,
          0.0,
          0.0,
          0.0,
          0.0,
          8.0,
          0.0,
          -6876.040175615214,
          -4813.223492847239,
          0.0,
          1.0
        ],
        "recordedScale": 8.0,
        "recordedTranslatePCX": -5.749197471250179,
        "recordedTranslatePCY": -4.931581447589384,
        "wwName": "home",
        "targetLocalPosLeftPc": 0.7770171404682275,
        "targetLocalPosTopPc": 0.6625896516393442,
        "btnLocalTopPc": 0.4293032786885246,
        "btnLocalLeftPc": 0.7884615384615384,
        "calloutTopPc": 0.1864754098360656,
        "calloutLeftPc": 0.3649665551839465,
        "showBtn": false,
        "calloutWidth": 285.0,
        "calloutHeight": 136.5,
        "calloutDurationMs": 1500,
        "calloutColorValue": 4288423856,
        "calloutText": "Choo Choo",
        "fontFamily": "OpenSansExtraBold",
        "fontSize": 45.416666666666664,
        "fontWeight": 3,
        "italic": false,
        "letterSpacing": 1.0,
        "letterHeight": 1.0,
        "textColorValue": 4294967295,
        "textAlignment": "c",
        "arrowType": 1,
        "animateArrow": false
      },
      {
        "uid": 89,
        "recordedM4list": [
          8.0,
          0.0,
          0.0,
          0.0,
          0.0,
          8.0,
          0.0,
          0.0,
          0.0,
          0.0,
          8.0,
          0.0,
          -7237.007880135597,
          -4991.606048307263,
          0.0,
          1.0
        ],
        "recordedScale": 8.0,
        "recordedTranslatePCX": -6.051009933223743,
        "recordedTranslatePCY": -5.114350459331212,
        "wwName": "home",
        "targetLocalPosLeftPc": 0.8150083612040134,
        "targetLocalPosTopPc": 0.6737961065573771,
        "btnLocalTopPc": 0.3176229508196721,
        "btnLocalLeftPc": 0.6078595317725752,
        "calloutTopPc": 0.09631147540983606,
        "calloutLeftPc": 0.2926421404682275,
        "showBtn": false,
        "calloutWidth": 300.0,
        "calloutHeight": 100.0,
        "calloutDurationMs": 1500,
        "calloutColorValue": 4286141768,
        "calloutText": "Spook",
        "fontFamily": "OpenSansExtraBold",
        "fontSize": 63.541666666666664,
        "fontWeight": 3,
        "italic": false,
        "letterSpacing": 1.0,
        "letterHeight": 1.0,
        "textColorValue": 4279828479,
        "textAlignment": "c",
        "arrowType": 1,
        "animateArrow": false
      },
      {
        "uid": 62,